--
-- Dumping data for table library_media
--
INSERT INTO library_media (id_media,name,description,stylesheet) VALUES  (1,'image','Insertion de documents Image ',0x3C3F786D6C2076657273696F6E3D22312E30223F3E0D0A3C78736C3A7374796C6573686565742076657273696F6E3D22312E302220786D6C6E733A78736C3D22687474703A2F2F7777772E77332E6F72672F313939392F58534C2F5472616E73666F726D223E0D0A0D0A3C78736C3A74656D706C617465206D617463683D226D65646961223E0D0A20202020202020203C696D67207372633D227B7372637D2220616C743D227B616C747D22206865696768743D227B6865696768747D222077696474683D227B77696474687D222F3E0D0A3C2F78736C3A74656D706C6174653E0D0A0D0A3C2F78736C3A7374796C6573686565743E);
INSERT INTO library_media (id_media,name,description,stylesheet) VALUES  (2,'bannieres','Bannières du Site',0x3C3F786D6C2076657273696F6E3D22312E30223F3E0D0A3C78736C3A7374796C6573686565742076657273696F6E3D22312E302220786D6C6E733A78736C3D22687474703A2F2F7777772E77332E6F72672F313939392F58534C2F5472616E73666F726D223E0D0A0D0A3C78736C3A74656D706C617465206D617463683D226D65646961223E0D0A0D0A093C696D67207372633D227B7372637D2220616C743D227B616C747D22207469746C653D227B7469746C657D22206865696768743D227B6865696768747D222077696474683D227B77696474687D222F3E0D0A0D0A3C2F78736C3A74656D706C6174653E0D0A0D0A3C2F78736C3A7374796C6573686565743E);
INSERT INTO library_media (id_media,name,description,stylesheet) VALUES  (3,'PDF','Insertion de lien vers un document PDF',0x3C3F786D6C2076657273696F6E3D22312E30223F3E0D0A3C78736C3A7374796C6573686565742076657273696F6E3D22312E302220786D6C6E733A78736C3D22687474703A2F2F7777772E77332E6F72672F313939392F58534C2F5472616E73666F726D223E0D0A0D0A3C78736C3A74656D706C617465206D617463683D226D65646961223E0D0A20202020202020203C6120687265663D227B7372637D223E3C78736C3A76616C75652D6F662073656C6563743D227469746C6522202F3E3C2F613E0D0A3C2F78736C3A74656D706C6174653E0D0A0D0A3C2F78736C3A7374796C6573686565743E);
INSERT INTO library_media (id_media,name,description,stylesheet) VALUES  (4,'Vidéo','Insertion de lien vers un document vidéo',0x3C3F786D6C2076657273696F6E3D22312E30223F3E0D0A3C78736C3A7374796C6573686565742076657273696F6E3D22312E302220786D6C6E733A78736C3D22687474703A2F2F7777772E77332E6F72672F313939392F58534C2F5472616E73666F726D223E0D0A0D0A3C78736C3A74656D706C617465206D617463683D226D65646961223E0D0A20202020202020203C6120687265663D227B7372637D223E3C78736C3A76616C75652D6F662073656C6563743D227469746C6522202F3E3C2F613E0D0A3C2F78736C3A74656D706C6174653E0D0A0D0A3C2F78736C3A7374796C6573686565743E);
INSERT INTO library_media (id_media,name,description,stylesheet) VALUES  (5,'Enregistrement sonore','Insertion de lien vers un enregistrement sonore',0x3C3F786D6C2076657273696F6E3D22312E30223F3E0D0A3C78736C3A7374796C6573686565742076657273696F6E3D22312E302220786D6C6E733A78736C3D22687474703A2F2F7777772E77332E6F72672F313939392F58534C2F5472616E73666F726D223E0D0A0D0A3C78736C3A74656D706C617465206D617463683D226D65646961223E0D0A20202020202020203C6120687265663D227B7372637D223E3C78736C3A76616C75652D6F662073656C6563743D227469746C6522202F3E3C2F613E0D0A3C2F78736C3A74656D706C6174653E0D0A0D0A3C2F78736C3A7374796C6573686565743E);
INSERT INTO library_media (id_media,name,description,stylesheet) VALUES  (6,'Flash','Insertion de documents Flash',0x3C3F786D6C2076657273696F6E3D22312E30223F3E0D0A3C78736C3A7374796C6573686565742076657273696F6E3D22312E302220786D6C6E733A78736C3D22687474703A2F2F7777772E77332E6F72672F313939392F58534C2F5472616E73666F726D223E0D0A0D0A3C78736C3A74656D706C617465206D617463683D226D65646961223E0D0A3C6F626A656374200D0A09646174613D227B7372637D22200D0A09747970653D226170706C69636174696F6E2F782D73686F636B776176652D666C61736822200D0A0977696474683D227B77696474687D22200D0A096865696768743D227B6865696768747D220D0A09616C69676E3D227B616C69676E7D220D0A09636C61737369643D22636C7369643A44323743444236452D414536442D313163662D393642382D343434353533353430303030220D0A09636F6465626173653D22687474703A2F2F646F776E6C6F61642E6D6163726F6D656469612E636F6D2F7075622F73686F636B776176652F636162732F666C6173682F7377666C6173682E6361622376657273696F6E3D362C302C302C30220D0A3E0D0A093C706172616D206E616D653D224175746F7374617274222076616C75653D227B6175746F73746172747D22202F3E0D0A093C706172616D206E616D653D225175616C697479222076616C75653D227B7175616C6974797D22202F3E0D0A093C706172616D206E616D653D224C6F6F70222076616C75653D227B6C6F6F707D22202F3E0D0A093C706172616D206E616D653D226D656E75222076616C75653D227B6D656E757D22202F3E0D0A093C706172616D206E616D653D22616C6C6F77536372697074416363657373222076616C75653D2273616D65646F6D61696E22202F3E0D0A093C706172616D206E616D653D226D6F766965222076616C75653D227B7372637D22202F3E0D0A093C454D424544200D0A09097372633D227B7372637D22200D0A0909747970653D226170706C69636174696F6E2F782D73686F636B776176652D666C617368220D0A090977696474683D227B77696474687D22200D0A09096865696768743D227B6865696768747D220D0A0909616C69676E3D227B616C69676E7D220D0A09097175616C6974793D227B7175616C6974797D220D0A09096C6F6F703D227B6C6F6F707D220D0A09096D656E753D227B6D656E757D220D0A0909616C6C6F775363726970744163636573733D2273616D65646F6D61696E220D0A0909706C7567696E73706163653D22687474703A2F2F7777772E6D6163726F6D656469612E636F6D2F73686F636B776176652F646F776E6C6F61642F696E6465782E6367693F50315F50726F645F56657273696F6E3D53686F636B77617665466C617368223E0D0A093C2F454D4245443E0D0A3C2F6F626A6563743E0D0A3C2F78736C3A74656D706C6174653E0D0A0D0A3C2F78736C3A7374796C6573686565743E);

--
-- Dumping data for table library_mapping
--
INSERT INTO library_mapping (id_mapping,id_media,code_document_type) VALUES (1,1,'image');
INSERT INTO library_mapping (id_mapping,id_media,code_document_type) VALUES (2,2,'banner');
INSERT INTO library_mapping (id_mapping,id_media,code_document_type) VALUES (3,3,'pdf');
INSERT INTO library_mapping (id_mapping,id_media,code_document_type) VALUES(4,4,'video');
INSERT INTO library_mapping (id_mapping,id_media,code_document_type) VALUES (5,5,'sound');
INSERT INTO library_mapping (id_mapping,id_media,code_document_type) VALUES (6,6,'flash');


--
-- Dumping data for table library_mapping_attribute
--
INSERT INTO library_mapping_attribute (id_mapping,id_media_attribute,id_document_attribute) VALUES (1,2,44);
INSERT INTO library_mapping_attribute (id_mapping,id_media_attribute,id_document_attribute) VALUES (1,1,43);
INSERT INTO library_mapping_attribute (id_mapping,id_media_attribute,id_document_attribute) VALUES (2,5,52);
INSERT INTO library_mapping_attribute (id_mapping,id_media_attribute,id_document_attribute) VALUES (2,6,53);
INSERT INTO library_mapping_attribute (id_mapping,id_media_attribute,id_document_attribute) VALUES (2,7,53);
INSERT INTO library_mapping_attribute (id_mapping,id_media_attribute,id_document_attribute) VALUES (3,10,48);
INSERT INTO library_mapping_attribute (id_mapping,id_media_attribute,id_document_attribute) VALUES (4,12,40);
INSERT INTO library_mapping_attribute (id_mapping,id_media_attribute,id_document_attribute) VALUES (5,14,50);
INSERT INTO library_mapping_attribute (id_mapping,id_media_attribute,id_document_attribute) VALUES (6,18,56);
INSERT INTO library_mapping_attribute (id_mapping,id_media_attribute,id_document_attribute) VALUES (6,17,57);
INSERT INTO library_mapping_attribute (id_mapping,id_media_attribute,id_document_attribute) VALUES (6,16,54);
INSERT INTO library_mapping_attribute (id_mapping,id_media_attribute,id_document_attribute) VALUES (6,19,58);
INSERT INTO library_mapping_attribute (id_mapping,id_media_attribute,id_document_attribute) VALUES (6,20,59);
INSERT INTO library_mapping_attribute (id_mapping,id_media_attribute,id_document_attribute) VALUES (6,21,60);
INSERT INTO library_mapping_attribute (id_mapping,id_media_attribute,id_document_attribute) VALUES (6,22,61);
INSERT INTO library_mapping_attribute (id_mapping,id_media_attribute,id_document_attribute) VALUES (6,23,62);


--
-- Dumping data for table library_media_attribute
--
INSERT INTO library_media_attribute (id_attribute,id_media,code,description,type,default_value) VALUES 
 (1,1,'src','Source de l''image binaire',2,'');
INSERT INTO library_media_attribute (id_attribute,id_media,code,description,type,default_value) VALUES
 (2,1,'alt','Element alt',1,'');
INSERT INTO library_media_attribute (id_attribute,id_media,code,description,type,default_value) VALUES
 (3,1,'height','Valeur de la hauteur de l''image',0,'50');
INSERT INTO library_media_attribute (id_attribute,id_media,code,description,type,default_value) VALUES
 (4,1,'width','Valeur de la largeur de l''image',0,'50');
INSERT INTO library_media_attribute (id_attribute,id_media,code,description,type,default_value) VALUES
 (5,2,'src','Source bianire de l''image',2,'');
INSERT INTO library_media_attribute (id_attribute,id_media,code,description,type,default_value) VALUES
 (6,2,'alt','Attribut alt',1,'');
INSERT INTO library_media_attribute (id_attribute,id_media,code,description,type,default_value) VALUES
 (7,2,'title','Attribut title',1,'');
INSERT INTO library_media_attribute (id_attribute,id_media,code,description,type,default_value) VALUES
 (8,2,'width','Largeur de la bannière',0,'680');
INSERT INTO library_media_attribute (id_attribute,id_media,code,description,type,default_value) VALUES
 (9,2,'height','Hauteur de la bannière',0,'152');
INSERT INTO library_media_attribute (id_attribute,id_media,code,description,type,default_value) VALUES
 (10,3,'src','Source du document PDF',2,'');
INSERT INTO library_media_attribute (id_attribute,id_media,code,description,type,default_value) VALUES
 (11,3,'title','Titre du lien',3,'');
INSERT INTO library_media_attribute (id_attribute,id_media,code,description,type,default_value) VALUES
 (12,4,'src','Source du document vidéo',2,'');
INSERT INTO library_media_attribute (id_attribute,id_media,code,description,type,default_value) VALUES
 (13,4,'title','Titre du lien',3,'');
INSERT INTO library_media_attribute (id_attribute,id_media,code,description,type,default_value) VALUES
 (14,5,'src','Source du document sonore',2,'');
INSERT INTO library_media_attribute (id_attribute,id_media,code,description,type,default_value) VALUES
 (15,5,'title','Titre du lien',3,'');
INSERT INTO library_media_attribute (id_attribute,id_media,code,description,type,default_value) VALUES
 (16,6,'src','Object',2,'');
INSERT INTO library_media_attribute (id_attribute,id_media,code,description,type,default_value) VALUES
 (17,6,'width','Largeur',1,'');
INSERT INTO library_media_attribute (id_attribute,id_media,code,description,type,default_value) VALUES
 (18,6,'height','Hauteur',1,'');
INSERT INTO library_media_attribute (id_attribute,id_media,code,description,type,default_value) VALUES
 (19,6,'autostart','Démarrage automatique de l''animation',1,'');
INSERT INTO library_media_attribute (id_attribute,id_media,code,description,type,default_value) VALUES
 (20,6,'quality','Qualité de l''animation',1,'');
INSERT INTO library_media_attribute (id_attribute,id_media,code,description,type,default_value) VALUES
 (21,6,'loop','Jouer en boucle l''animation',1,'');
INSERT INTO library_media_attribute (id_attribute,id_media,code,description,type,default_value) VALUES 
 (22,6,'align','Alignement de l''animation',1,'');
INSERT INTO library_media_attribute (id_attribute,id_media,code,description,type,default_value) VALUES
 (23,6,'menu','Affichage du menu',1,'');
